<?xml version="1.0" encoding="UTF-8"?>
 
<schema version="1.0" xmlns="http://www.apple.com/metadata"
                      xmlns:xsi="http://www.w3.org/2001/XMLSchema-instance"
                      xsi:schemaLocation="http://www.apple.com/metadata file:///System/Library/Frameworks/CoreServices.framework/Frameworks/Metadata.framework/Resources/MetadataSchema.xsd">

    <types>
        <type name="com.mapbox.mbtiles">
            <allattrs>
                kMDItemDisplayName
                kMDItemDescription
                kMDItemKind
                kMDItemVersion
                kMDItemCopyright
            </allattrs>
            <displayattrs>
                kMDItemDisplayName
                kMDItemDescription
                kMDItemKind
                kMDItemVersion
                kMDItemCopyright
            </displayattrs>
        </type>
    </types>
</schema>